contentId,age
65171279,all
62897494,all
61822163,all
65165269,all
64409505,all
59990686,all
56566288,all
61614855,all
59978716,all
63818432,all
53483967,all
65137592,all
59883324,all
65048686,all
53216022,all
64688681,all
63727156,15세
61913707,all
62851300,15세
65100136,all
64516751,15세
56611441,all
62449485,15세
53462628,all
63302358,all
64005966,all
64317487,19세
62435929,all
55152866,all
58578389,all
62794761,all
64060915,all
63529460,19세
56762916,all
62473764,19세
62812341,all
58094906,all
63327017,all
55889891,all
64810197,19세
62189532,all
55566760,15세
65127473,all
61313362,all
58905085,all
61393986,all
47118512,all
64685509,all
59976402,all
57711142,all
56443245,all
60959717,all
62743785,15세
61627410,all
59422125,all
64649220,15세
64096846,all
64424193,all
55213891,all
64862108,19세
63653603,19세
63329316,all
63767910,all
58672424,all
51396640,all
63629025,all
63416079,19세
61871569,all
62692635,all
62271900,all
54740855,all
58144564,all
63424620,15세
61715316,all
54728055,all
56760327,all
64412056,15세
63639661,19세
64167676,all
63243084,19세
57925268,15세
63409437,all
61770596,15세
64084597,15세
63056941,all
61641112,15세
63647635,all
48697412,all
60083487,all
58884852,all
59495324,all
63216619,all
60257175,15세
64165705,15세
55815081,all
64890898,15세
57492806,all
62977704,all
54884637,15세
64671713,all
63653616,15세
53114649,all
62313653,15세
57464612,all
63416039,15세
62795051,all
48511988,15세
60564644,all
62474622,15세
60894798,all
59885723,all
63432582,all
63826206,15세
61551141,15세
63924575,all
60609590,all
61345288,all
62589714,all
62756506,all
61335525,all
60355768,15세
63075812,15세
62473721,15세
58409509,all
57301273,all
62345153,all
58493971,all
62757644,15세
53504913,15세
63376772,15세
62041103,all
60746456,all
61871204,19세
59150128,all
61871449,15세
63855150,all
61268805,all
56788173,all
54737612,all
61778913,all
60466803,all
53523799,all
64477354,all
64395656,15세
57855014,all
57164369,all
61458011,19세
61453509,15세
63866183,15세
63857841,all
63491808,15세
61289689,all
57520768,all
61453042,19세
63332969,15세
62140202,15세
59008253,all
56784798,all
59439137,all
60848955,all
64739191,15세
64438129,all
63956937,all
63460211,all
63082643,all
62968358,all
62955343,all
62942255,all
62830664,all
62767251,all
62676232,15세
62473886,all
62407115,15세
61880498,15세
61640511,15세
61551866,all
61403397,15세
61262517,all
61207639,all
61163740,15세
60982915,15세
60775036,all
60703095,all
60645694,all
60436204,all
60213137,all
60176642,15세
60080445,15세
60000788,all
59942846,15세
59748150,all
59359339,15세
58151153,all
57563035,all
57177092,all
56792553,all
56704800,all
56702100,15세
56529717,all
55310599,all
55014563,15세
54483390,all
54367994,15세
52990443,all
52381543,15세
48057888,all
65171279,all
65177005,all
63517874,all
55775689,all
62302584,all
61959401,all
60843998,all
54407499,all
60933368,all
54471153,all
55021766,all
56237804,15세
64206563,all
63857471,all
62000958,all
58725187,all
63680859,15세
62777301,19세
59990953,all
60907554,all
64037895,15세
61802808,all
63451062,all
62932344,all
49874664,all
56070306,all
62591854,all
59087644,all
61557271,all
64897059,all
61545032,all
62707053,all
56422254,all
62263317,all
64990914,all
64855921,all
62367218,15세
55268483,all
61754033,all
64370178,19세
65163128,all
59829512,all
64810797,all
62033250,all
53318356,all
60601122,15세
63046544,19세
56704518,all
63138359,all
61637198,all
59365151,all
63036130,all
63555983,all
63444992,all
64805774,15세
64366140,15세
54680399,all
64181951,all
62074243,all
63924220,15세
63031315,19세
60253679,19세
58274684,all
65144715,15세
64400897,all
53939289,all
64069979,15세
63187192,all
65146842,19세
63885776,15세
62164895,all
60722593,15세
64342292,all
60659272,all
57714526,15세
58220529,15세
63129547,15세
61754529,19세
64822204,all
64814065,all
59460503,all
62829425,all
59902182,15세
61641059,all
63989006,all
63825276,all
63056545,all
64982864,15세
60251820,all
64391630,all
61150459,all
47497773,all
60798755,15세
63140194,all
52272442,all
64232648,all
64205666,all
62244482,15세
55621949,all
59833265,all
58483147,all
52199324,all
63767937,15세
64175806,19세
56029598,all
58167902,all
64823992,15세
61285741,all
58710388,all
63024185,15세
49887474,all
55783243,all
61641065,all
61674735,all
55630259,all
58371384,all
64621056,all
63612419,all
63308461,15세
57671122,all
64028084,15세
59492382,all
60536198,all
61139680,all
60105810,15세
54128129,all
51478643,15세
64974992,15세
62472330,all
64630721,all
60659589,15세
64974859,19세
58444049,all
56677090,all
57645795,all
58717191,all
64170161,15세
57706650,all
53352153,all
64989212,15세
62100777,all
58509736,all
64014287,all
57419661,all
59737569,15세
64352457,15세
61506119,all
56939012,all
55567541,15세
62943589,all
58268107,all
63924878,19세
61153985,19세
56688376,all
63805242,19세
62711709,all
47196143,all
64464695,15세
58039249,all
57564428,all
60353811,15세
59271070,all
60806433,15세
58675768,all
50535209,all
54816733,15세
62371262,15세
64003523,15세
61565577,15세
58445559,15세
56784798,all
54044084,15세
56615789,15세
60775316,15세
56895017,15세
64664496,15세
64646271,all
64319063,all
63985344,15세
63966248,15세
63665097,all
63604804,all
63364797,all
63304128,all
63158050,15세
63087311,all
63018239,all
62688378,all
62611376,all
62581708,all
62410234,15세
62290380,all
62082296,15세
61885788,15세
61860682,all
61797551,all
61641110,19세
61345153,all
61300303,15세
61269287,all
60977203,all
60956369,15세
60530526,all
60511921,all
59256840,all
59110410,all
59054633,all
58437842,all
58421773,all
58215196,all
58182164,15세
58017065,all
57926214,all
57923995,all
57896220,all
57121676,all
56434854,15세
56085111,all
56008965,15세
55954307,all
55353673,all
54536467,all
54000132,15세
53648484,all
65171279,all
57260192,all
52610652,all
65125886,all
58502656,15세
58647802,all
54189843,all
57860238,all
62223558,15세
60728286,all
60269069,all
60910969,all
61677168,all
59888435,all
59492385,all
56714856,all
49793269,all
61858119,all
54204320,all
54097394,15세
58670925,all
58489471,all
64082514,all
62961293,15세
63244126,15세
58095657,all
59097539,all
61324740,15세
65065223,all
63727156,15세
65133537,all
60701535,all
56934318,all
58108830,all
56952321,all
59989217,all
64892900,all
65065962,all
56673674,all
63672731,15세
62968817,all
59955273,all
56998709,all
63190086,19세
60173393,all
64022407,all
57880829,all
63817606,15세
64859917,15세
60392503,15세
63032403,all
65142916,19세
63317152,15세
64385699,all
63849896,all
58743054,15세
57311327,all
59153035,15세
64715483,19세
61702588,all
64264055,19세
62890486,all
55123570,all
59253279,all
64570540,all
63102758,15세
61625443,all
59603265,all
54177223,all
63855892,all
53159236,all
63996178,all
62040610,15세
63834752,all
60035514,all
57369982,all
57552517,all
63378896,19세
62916616,all
61641093,15세
64633329,all
57878517,15세
63406852,all
50207148,all
63689871,15세
59347619,all
63184618,all
62294238,15세
63697399,all
65103200,all
64782566,15세
58273697,all
62626239,15세
63136561,all
62658321,all
55148616,15세
62917908,all
64041447,15세
63711503,19세
59807997,all
64715819,15세
59854763,all
64285842,15세
63906773,15세
48211586,all
62445491,19세
61641075,all
62994431,all
59808920,all
63527047,all
58352233,all
63857053,all
63949775,15세
62445250,all
62308760,15세
57777745,15세
63975393,all
63977103,all
62948204,15세
56840690,all
59849934,all
59284836,all
60441950,all
63727116,15세
62427443,all
61126677,15세
58059601,all
63609070,all
61042489,all
62746527,all
57516913,15세
60241446,15세
58870225,all
61745055,all
59452548,all
58399735,all
62515678,19세
60653255,all
56609987,all
58721167,all
62506074,all
64621549,all
61795304,15세
62753511,15세
63274315,15세
64277274,15세
62848698,all
61268805,all
64277621,19세
54303649,all
60155184,all
62105208,all
62473722,15세
61701680,all
60059256,all
62145701,15세
62041104,15세
59789966,all
50799464,all
63602041,15세
59749944,15세
55427357,all
53297964,all
62473734,15세
64641963,all
61122826,15세
58643223,all
57427361,all
60088709,15세
64810384,15세
53165109,all
54190798,15세
53846897,all
47740585,15세
62226474,all
60590825,15세
54601261,15세
54962161,all
59008253,all
56784798,all
64664491,all
64325525,all
64267132,all
64119747,all
63655016,all
63348259,all
63289153,15세
63215037,all
62906603,all
62824026,all
62822775,all
62793155,all
62494680,all
62385822,all
61933296,19세
61929934,15세
61915166,all
61528757,all
61345238,all
61328034,all
61189393,all
60976725,all
60749360,15세
60590853,15세
60587203,15세
60261871,15세
59684969,15세
59332586,all
58373936,15세
57935094,all
56651740,15세
56441321,15세
55505239,15세
55196475,all
53579858,15세
52764786,all
51726751,all
65171279,all
65205836,all
63330355,all
64612703,all
60914825,all
58474045,all
65174933,all
62264793,19세
59047014,all
57616572,all
62711843,all
61677175,all
64720232,all
62727430,all
60754076,15세
56520811,all
59987426,all
57854767,all
57928448,15세
60701523,all
62751566,all
62698929,all
62904008,all
64556355,all
53483967,all
64153052,19세
64940527,all
64380474,all
64194227,all
58909608,all
56677367,all
65048686,all
63528392,all
53905289,all
59250857,all
60105861,all
59882406,all
62118739,all
51526841,all
64056676,all
64037895,15세
63104007,all
64268953,19세
62338172,all
63127924,15세
55402347,15세
64143353,15세
61381662,all
64320961,15세
63512854,all
62127985,all
62674092,19세
63613541,all
62756504,19세
64268960,15세
59782483,all
60604537,all
51570858,all
63778705,all
61486496,all
65025067,19세
62869747,all
62102395,all
52141727,all
64966350,15세
58905085,all
65163128,all
57814038,all
64164716,15세
54197401,15세
61446166,15세
62403160,15세
64002037,19세
64731379,15세
63985358,15세
53849403,15세
60056677,all
55413287,all
64335106,all
57388260,all
63037953,15세
64958360,15세
65133803,all
60328750,all
58038491,all
63924220,15세
63659220,15세
63641594,all
59771249,all
58672424,all
64664499,19세
63110892,all
61241377,all
59822129,all
59617058,all
61933312,19세
61269335,15세
62051287,15세
61570371,all
62258663,all
63006944,15세
61150512,all
64379728,15세
52638309,15세
65137597,15세
62932582,all
56582625,all
60061199,all
62543433,all
62743814,all
64430471,all
62265085,all
61005628,all
64071080,all
53475239,all
63826365,all
63707101,19세
54515580,all
60720041,all
60628252,all
64606191,all
63663884,all
62313653,15세
64294539,19세
65025034,15세
61574891,all
61929937,19세
59509101,all
61904829,all
54464663,all
64728473,15세
62942139,all
53241849,15세
63862535,15세
64352812,15세
61392730,15세
60082178,all
60725576,15세
64173204,all
64477351,15세
57564303,all
63415654,all
64970368,all
61343487,15세
56235400,all
59737569,15세
57837211,all
62036216,15세
59974817,all
63127032,15세
63114242,15세
59436388,all
64435058,15세
59281183,15세
57146305,all
58634756,all
60892223,15세
58642581,all
51952649,all
56036181,all
54200036,all
60536199,15세
59357585,all
61923529,all
61458011,19세
61453509,15세
60716864,all
63332969,15세
54667189,15세
58057160,15세
64731847,15세
64353024,15세
64275169,all
64002024,15세
63298378,all
63001074,all
62927765,15세
62484541,all
62359527,all
62011603,15세
61704330,all
61641096,all
61222187,all
61154360,all
61074221,all
61046589,15세
60943296,all
60847636,15세
60828356,all
60746451,all
60609578,15세
60176642,15세
60080445,15세
59768991,15세
59420891,15세
59274036,all
58960516,all
58837142,all
58081957,all
58052431,all
57692184,15세
57521564,15세
56901633,all
56529717,all
55549210,15세
55390372,15세
55012323,all
54994025,all
54885036,15세
54828135,all
54378450,all
54187777,all
65171279,all
65025343,19세
64150682,all
64007563,all
65201745,all
57280032,all
62318917,19세
54015654,all
57746592,all
54407499,all
59494826,all
52697368,all
64551557,19세
62756463,19세
64259458,all
63126910,all
59761866,all
62928243,19세
65240565,15세
60492600,all
61406314,15세
65124269,all
61170313,19세
63158013,15세
54845189,all
62450346,19세
64616065,all
55291149,all
58031028,15세
64919187,all
62942256,19세
62555509,all
53874927,all
56243215,15세
64899070,all
61314651,all
64446379,all
58817781,all
61077312,all
63822193,all
62739992,15세
58777646,all
61951206,all
62006812,all
60493041,15세
57066133,all
57857138,all
60626628,all
64637178,all
55553244,all
64779571,15세
63227077,all
57770713,all
61192421,all
60557405,15세
61132206,all
61686760,15세
64082276,15세
59826085,all
62526901,all
64444653,all
59787320,all
57781183,all
60180921,all
63655107,all
53318356,all
61152564,all
63005824,15세
64963680,all
61083908,15세
63302278,all
61585371,all
61483612,all
53150006,15세
62890503,all
55567038,15세
60998028,15세
62042952,19세
60009718,15세
63801171,19세
55522808,15세
64867816,19세
54177223,all
64971540,15세
63434650,all
62536814,all
62076278,19세
58663937,all
65025291,15세
59442718,all
62053981,15세
60684155,all
62263340,all
63497244,all
60361146,all
62887990,all
60525874,all
59327375,all
59787998,all
61644483,all
62963853,all
61050138,all
64326947,all
60535985,all
63342465,15세
56854672,15세
63594347,all
62963881,all
59683721,all
61641109,all
52044069,all
60773409,15세
61641113,all
61206244,all
57936427,all
62054138,all
62265316,all
61981944,all
63966235,all
63764693,15세
60912283,all
61397506,all
60664743,all
61746236,all
63791980,15세
65025066,15세
48475105,15세
64480668,19세
56029598,all
63988251,15세
61182387,15세
61438660,15세
61641111,all
59999668,all
53504901,all
64335218,all
64630931,all
62988713,all
59701325,all
58371384,all
62452886,15세
46609100,all
64443313,15세
55431963,15세
50465822,all
57671122,all
48683376,all
60827566,15세
62256261,19세
64565410,15세
62746527,all
64129598,all
61399272,all
52484992,15세
58410114,all
52503510,all
64471886,15세
54997280,all
57645795,all
63257633,15세
63574113,15세
60801602,all
59073259,all
61702020,all
57561170,all
61543039,all
63103743,all
64115322,15세
61453714,19세
62334977,15세
61268805,all
59061428,15세
52871859,all
64683327,15세
58303031,all
58104417,all
59798154,all
62455315,15세
63945789,15세
59764506,15세
54981210,all
56630472,all
55659909,all
56608347,15세
61368814,all
59288305,15세
64569425,19세
64496581,15세
61659963,15세
60933395,all
55564805,15세
62617381,all
62059840,15세
60609580,15세
61761390,all
58494662,all
57427361,all
53707759,15세
63632222,15세
60910195,all
57834955,all
64810384,15세
63347353,15세
55543193,all
50695536,15세
53846897,all
60355845,all
56673315,all
64213203,15세
64057007,19세
63612163,15세
63224884,15세
63127042,15세
63114428,15세
62656362,15세
62473860,15세
62385926,15세
62371259,15세
62158497,all
62150107,all
62112134,15세
62043551,all
61774356,all
61405122,all
61167054,all
60832492,all
60786092,all
60558625,all
60468841,all
60111225,all
59988492,15세
59737702,15세
58791226,15세
58399774,all
57554056,all
57471436,15세
57369918,all
56753229,all
56549791,all
56334272,15세
55983953,all
55550008,all
54369979,15세
54150926,all
53615407,15세
53577125,all
51796041,all
51570934,all
47945547,all
65171279,all
60450303,all
57095432,all
57616627,all
65106889,all
53483967,all
59989313,all
54872059,all
55989064,all
61145798,all
64919996,all
54727849,all
62792835,all
56413106,all
57809482,all
62831445,all
64810284,15세
63474640,19세
55721630,all
60609589,19세
48990437,all
50289296,all
62680775,all
62405956,all
63097866,all
62373973,all
60957530,19세
62863106,15세
58429394,all
61116938,all
64378065,all
63218605,all
60182731,all
64701190,all
64285944,19세
59770428,all
60022483,all
59496311,15세
64725199,15세
60241259,all
56012666,all
62449232,all
58239966,all
62040968,19세
63529403,all
65013683,all
63555003,all
57944386,all
49361421,all
55795261,all
60477730,all
63336337,all
64071861,all
55872672,all
64374821,15세
63037953,15세
54887126,all
61725025,all
62323050,15세
62198464,all
61413001,all
64164074,all
57708549,all
64445285,all
59062351,all
62650665,all
60783097,all
64396721,all
64586514,all
59624189,all
58799509,all
62421765,15세
61139520,all
50207148,all
60183474,all
65043216,all
61362736,all
62743260,all
60682678,all
62519897,15세
64651912,all
64259294,all
63807305,all
64278357,all
53142176,all
64888824,15세
61505586,15세
64919177,15세
64647376,all
61903926,all
62536161,all
59877234,all
63289186,all
51706124,all
63825712,19세
63663567,all
63601816,all
63786936,all
62614401,15세
61293729,all
53714372,all
64037557,15세
64055621,15세
63672738,all
54515580,all
63477853,15세
64452272,15세
60800000,all
63917973,15세
60465631,all
61330734,all
60961942,all
64279414,15세
59725384,all
63445011,all
57162799,all
61427149,all
51583275,15세
60061481,all
62644165,all
61926448,all
59153038,15세
58374754,all
61195754,15세
56792335,15세
58420969,all
54269969,all
64138609,15세
63795511,15세
64016839,19세
59947212,all
63921074,all
58059601,all
60716852,all
64352812,15세
62891425,all
58399735,all
64477351,15세
58503976,all
58236102,all
65044751,all
64915152,15세
62906604,all
62284512,19세
60609584,all
54860462,all
61641118,all
63914843,15세
63636719,15세
61776733,all
64411941,all
54686463,all
57396054,all
55626889,15세
59350717,15세
63495013,15세
58497717,15세
61572364,15세
62667706,all
52330755,all
64941825,19세
57710234,all
57247109,all
57434018,15세
63343691,15세
54128947,all
53969308,all
61329324,all
60792873,all
56794730,15세
56433012,15세
56409337,15세
61877701,19세
64895961,15세
63599099,15세
57999997,all
56987116,all
60969541,15세
59008253,all
63138402,15세
47936014,all
58445559,15세
60848955,all
61134663,all
65089519,all
64900736,15세
64363188,15세
64145921,all
63631982,all
63460211,all
63095659,all
62906947,all
62822776,15세
62729041,all
62436012,all
62384652,all
62278842,15세
62073463,15세
61933252,19세
61913497,all
61784690,all
61702565,15세
61209270,all
61166987,all
60976739,all
60931686,all
60746455,all
60608182,15세
60466482,all
59974940,all
59856772,15세
59723123,all
59355365,all
59158385,all
58513846,all
57917069,all
57878516,all
57583317,all
57514873,15세
57498607,15세
57394146,all
57153091,15세
56704800,all
55911113,all
55402040,all
54867617,15세
53559074,15세
53397318,all
50626843,all
65171279,all
63297898,all
62727430,all
59264548,all
63328082,all
61488489,all
64555234,all
61001975,all
59782511,all
62596697,all
59071959,all
54498159,15세
57451201,all
55884394,all
62396267,all
60402003,all
58834728,all
64828936,19세
57369799,all
61114428,19세
56310553,all
64257452,all
63849899,15세
64227839,all
64399835,all
57662069,all
59528467,all
56109623,all
59272421,all
64228160,all
56063788,all
55665002,all
56271898,all
56979725,all
56329995,all
61232813,all
55541933,all
60324617,all
60374537,15세
60530230,all
55123570,all
62996432,15세
63551501,all
58925157,all
59467128,15세
60285583,15세
62579741,all
62664421,all
54801072,all
60651851,all
63808837,all
54177223,all
64426125,all
64208735,all
54805644,all
57361675,all
64642040,all
63891320,19세
65035972,19세
63015943,15세
58261408,all
64621869,all
62649267,15세
64554931,all
61294671,all
64216524,15세
59641167,15세
64810369,all
64357252,all
64198525,all
64682334,15세
61376285,15세
64828927,15세
53440960,all
63118763,all
64216426,19세
64839107,all
63102436,all
62708430,all
63646168,all
57110935,all
62796370,all
63689702,all
55950133,all
61878982,15세
60392188,all
62931449,all
59742909,all
57021973,all
58730657,15세
56599549,all
61939066,all
64862103,all
62668971,all
65126328,all
62998319,all
61641111,all
61659960,all
63502527,all
58315559,15세
62754749,all
59981278,all
63500261,all
63733643,all
61732159,all
62102607,15세
62862661,all
60641972,all
59652366,all
55205273,15세
59874000,all
61495437,all
58558135,all
55532874,15세
54748024,all
59664348,all
62221960,15세
58228007,all
65106569,15세
61663348,all
61116863,all
57146305,all
62968376,all
59025343,all
58638299,all
57717891,all
63932930,15세
55563774,15세
60016597,all
60200956,all
60643696,all
59091554,all
61209274,all
54841242,all
60127633,19세
57222086,15세
57427361,all
60915650,all
64363213,15세
62012073,all
60746431,all
61143374,all
56901634,all
53350046,all
55460499,15세
54427972,all
64572525,all
64443526,all
63045752,15세
62870471,all
62762645,all
62556525,all
61933252,19세
61915166,all
61877700,all
61260193,all
61227650,all
61103541,15세
60824214,all
60425430,all
59910398,all
59817319,all
59808881,all
59658588,all
59476812,all
59372129,15세
59252245,15세
59248216,all
58874030,15세
57972686,all
57947743,all
57947221,all
57026114,all
55874703,all
55705694,all
55390372,15세
55045033,all
50791167,all
65171279,all
50866481,all
60343223,19세
58450026,all
58396566,all
61723848,all
52353163,all
53190884,all
54688834,all
64082520,19세
62385041,all
56657309,all
58873967,all
64144969,19세
59033754,all
53666782,all
52226628,all
61931976,all
63644867,19세
61986358,19세
55383201,all
51185123,all
64994640,19세
57519433,all
64510422,15세
60965260,15세
55482233,15세
50242834,all
60401148,19세
54526433,all
48206197,all
56556599,all
61365341,all
59533333,all
62477346,19세
63802028,19세
60033848,all
65137023,15세
56065304,all
61400552,all
58502023,all
63500287,19세
59900672,all
60780854,19세
62011604,19세
58415850,all
60482121,19세
56976992,all
63348499,19세
46384316,all
64994590,15세
63657785,19세
51703113,all
60513863,15세
54439672,all
52250831,all
55249956,all
58649535,all
57140255,all
52211789,all
56712146,all
52792529,all
60636644,19세
62829773,19세
64997263,15세
53297664,all
56430899,all
58410245,all
64299518,15세
52220585,15세
55581051,15세
62011864,19세
60636581,19세
60350553,all
63492925,19세
62830615,19세
65021122,15세
62346577,19세
58460997,all
51793959,15세
58497055,all
63202755,19세
59522607,15세
60722645,all
56910985,all
62075272,19세
64016416,19세
56505406,all
64902618,15세
65136838,15세
58179782,all
46908316,all
55602918,all
63668322,19세
60541818,19세
51415682,all
63505762,19세
64231984,19세
62011965,19세
50297433,all
63539722,19세
62327985,15세
64923736,19세
58306830,all
49314208,15세
64867866,19세
56434062,all
60582726,all
63723819,all
64922461,19세
58996223,all
59988071,all
51298446,all
56325534,all
46599532,all
60462353,19세
58345016,all
64903372,15세
54957639,all
61447622,19세
63659984,19세
62095244,19세
60933500,19세
63205158,19세
60616519,all
62916930,19세
61455512,19세
54934782,all
60933491,19세
55452896,15세
58522832,15세
63868587,15세
61676260,19세
65138764,19세
64142670,19세
61555048,all
60345347,19세
58494896,all
61898781,19세
61712983,15세
58321797,all
53607472,all
59664271,all
55531681,all
65006666,19세
65020519,19세
49039315,all
62517832,all
61732576,all
58004658,all
64449095,19세
61211095,19세
64511192,19세
59672340,all
63444492,15세
48439569,15세
55822637,all
60743950,19세
63140053,all
61319359,all
60365038,all
60276524,19세
60599263,15세
47686939,all
50645379,all
55478434,all
59785910,15세
64344113,15세
58450188,all
63451725,19세
60980562,19세
59000298,all
54474338,15세
50790508,all
60667533,19세
65035425,15세
53769306,all
65142682,19세
55808831,all
63154945,15세
64894085,15세
60090816,15세
55065413,all
65140530,15세
55591955,all
49917642,all
57603504,all
57474947,15세
58185585,all
53401930,all
53665498,all
61280916,15세
51516006,all
64968819,15세
61392463,all
57360368,all
54591353,all
64588378,19세
61897553,all
57333037,all
64674813,19세
53275341,all
55989189,all
55025067,all
64056075,15세
54527564,all
63446539,15세
57997072,15세
56074047,all
63506659,all
59365889,15세
56148134,all
57166747,all
53731361,15세
61268838,19세
61822288,15세
65090430,19세
60685783,19세
55724921,15세
60868899,19세
55539370,all
62107971,all
60708678,all
60746493,15세
53439714,all
62969703,all
52609990,15세
59145452,15세
63555642,19세
64944637,15세
65076533,19세
61856924,all
63725697,19세
61512053,19세
57834975,all
56907739,all
64922072,all
63106490,15세
62579885,19세
60814949,all
51617487,15세
55817553,all
60579097,15세
65197221,19세
64924117,19세
58561966,all
64653075,15세
60294306,19세
53007019,all
50108424,15세
55872683,15세
62933358,19세
57906830,all
58584601,all
56908497,all
51477737,15세
56760419,all
58825252,all
64008088,19세
64095113,19세
55203755,15세
60549099,all
65097997,15세
60910874,all
55414849,all
57096997,all
62740562,15세
62868459,15세
55309903,all
60824226,all
63288638,all
55847520,all
61933665,15세
61930986,15세
63523257,all
55114980,15세
54804856,15세
63897116,15세
53528718,all
57458770,all
55166366,all
63117133,19세
60077993,all
62927146,all
59262003,all
60470504,19세
58019421,15세
46469803,all
57626174,all
63572423,19세
64944389,19세
64095939,15세
64024878,15세
62607825,all
60297218,all
58078660,all
50099907,all
61621873,19세
58197418,all
53607037,15세
54363470,all
54582757,all
64253799,15세
61581734,all
56867030,all
62154948,19세
53949651,all
61502358,all
56403295,all
57045506,all
50661727,all
61320736,all
58343390,all
59936004,15세
59232492,all
63025860,all
53081911,15세
60165897,all
60194921,15세
61078380,19세
63312057,15세
61735180,15세
59828646,all
61440227,15세
64491336,19세
59658587,all
64274173,19세
52902073,all
58485712,15세
61992997,all
63898374,19세
65047491,19세
63140255,19세
59996429,all
61207809,15세
61289684,all
55704796,15세
64096523,19세
63420768,15세
63306250,15세
56458652,all
64787611,19세
63249824,19세
62934449,15세
64019779,19세
62101502,15세
64867888,15세
61600065,all
54508643,all
63494612,15세
61777124,19세
59245562,all
46912379,all
62500312,15세
58865631,all
65172928,15세
61314546,all
58677396,all
58800646,all
64569519,19세
54085634,all
60582724,all
53956161,all
59843045,all
60824163,all
60554110,19세
60445889,19세
57117479,15세
63716128,19세
60456495,19세
54790846,15세
62930448,15세
53168421,15세
59742611,all
60227231,all
62827145,19세
60832522,all
60297217,15세
60564669,all
58408884,all
62866344,19세
60957902,all
64504498,all
64908596,19세
57372163,15세
51167147,15세
58315333,all
64241798,19세
60531893,15세
62463886,all
61980928,15세
64681328,19세
63092645,all
64701098,19세
61061194,19세
58550149,all
64588383,15세
64645077,19세
63807255,15세
54438363,all
52845263,15세
59854113,all
60643562,19세
61935982,19세
60311733,all
64997262,19세
54740649,15세
55720111,all
56136931,all
60680592,15세
47493474,all
62758558,15세
46788001,all
57066277,all
60814333,15세
59403670,all
60570370,15세
61641089,all
53856587,15세
51496074,15세
62869673,19세
50330431,all
57933592,all
64929441,15세
62172322,19세
51084095,15세
61752345,all
62248521,15세
51761524,all
61403393,19세
61755307,15세
60070867,15세
62688445,15세
60957912,all
64843857,19세
59022078,15세
60301992,all
62066601,19세
61557256,all
62160320,19세
54347204,15세
59833335,15세
62602606,19세
63506380,19세
62346037,15세
62365732,15세
59413895,15세
61665250,19세
60971960,all
60509758,15세
61641062,all
62346531,15세
55686347,15세
63674828,15세
61271601,15세
48019290,all
63205710,19세
62096118,19세
56186234,15세
60423406,19세
61880705,all
61942283,19세
62074637,19세
58424714,15세
55265486,all
62591369,19세
64309927,15세
58888098,15세
57046187,15세
56243212,15세
60720973,19세
62724529,15세
64294683,15세
56784004,all
60111446,15세
57909581,all
64924764,19세
63470023,15세
60238842,15세
58779640,15세
62495828,19세
60743851,15세
60061278,15세
54240599,15세
61681408,19세
56402683,all
51466931,15세
57500275,15세
60423917,15세
63458443,19세
61781995,19세
63623292,15세
55532279,15세
61933251,all
58661138,15세
53607690,15세
51102729,15세
60214286,15세
57884717,15세
60266746,15세
55965868,15세
55245462,all
54628966,15세
64728079,15세
64058963,19세
60893577,all
62232114,15세
58212190,15세
50474439,15세
50744771,all
56146939,15세
55661551,all
55756149,15세
59935359,15세
47424180,15세
61308852,all
64026447,15세
53952394,15세
60331481,15세
63117544,19세
61935627,15세
58500984,15세
60265242,15세
56784912,all
63654990,19세
60812454,19세
62174373,15세
62979504,19세
52531025,all
59603360,all
59520040,15세
53273207,15세
61589162,19세
48991093,15세
63346365,19세
60790279,15세
60587038,all
58074468,15세
62709405,all
56664218,15세
52193527,all
47803084,15세
56662907,all
57453782,15세
60379930,19세
50730649,15세
63343463,19세
61445061,19세
64681643,19세
60294958,19세
59214798,15세
54912842,all
50764512,all
57227370,15세
53645958,15세
54254274,15세
48844313,all
62863839,all
56796091,15세
53970251,15세
61579814,15세
61040588,all
59475594,all
58603350,15세
61117915,15세
54187741,all
61352288,15세
58379355,15세
64700987,all
61589346,19세
55624074,all
55140699,15세
63383666,15세
58304256,15세
57690663,all
56909227,all
62306224,19세
57840545,all
61803726,all
61359260,all
64269512,19세
54224754,15세
55624526,all
58739801,15세
56734031,15세
54072730,all
64140869,all
55999348,15세
62655414,19세
56385442,15세
55675591,all
57469462,all
60877474,15세
60926628,19세
63973787,15세
57943457,15세
53201510,15세
60633636,19세
60186795,all
49694032,15세
62632934,all
49845485,15세
52292880,all
48708331,all
64811987,all
60276617,19세
63659962,19세
55518661,15세
64921549,15세
63451388,19세
55929080,all
59381511,15세
60900263,15세
61671973,15세
49899304,all
61891028,all
61981936,all
60752197,all
61994000,15세
57884662,all
61556017,all
62267403,19세
52542743,15세
61718570,15세
61817785,19세
58350866,all
55963958,all
56190771,all
58436883,15세
59704325,15세
60845205,19세
63460946,15세
55146469,all
61043193,15세
65031944,all
55946961,15세
62717461,19세
62957054,19세
48356817,all
60952929,all
60462940,15세
53125868,all
20031838,all
56569175,all
61239710,all
52127497,15세
54017282,all
55704799,all
60696093,15세
64972088,19세
57165582,15세
53324934,all
62150627,19세
59827673,15세
51583176,all
49019418,all
62693184,15세
60957917,all
64900718,19세
60648700,15세
61363342,19세
63702972,15세
64728325,all
56052572,15세
62332086,all
54149689,all
60204422,15세
57129136,all
55997112,all
62140317,all
54287268,15세
60685505,all
61755300,15세
56392770,15세
55038118,15세
63147506,all
58922121,15세
63018521,all
57407953,all
61543038,all
62207229,19세
50204042,all
58283716,15세
55179207,all
58876601,all
64294682,19세
56172177,15세
59751099,all
58422488,15세
47930989,all
62942249,15세
52093729,all
58697390,15세
48704250,all
49866997,all
60096304,15세
62148526,19세
60847638,15세
53912076,15세
56993380,15세
54968351,all
54477596,15세
55638839,15세
50244309,all
63826156,19세
63817106,19세
58629866,15세
60821612,19세
55271509,15세
58968732,all
61860485,all
57901501,15세
60561657,15세
57743203,15세
60943470,15세
61904074,19세
57483983,15세
65023202,15세
59838354,all
50133486,all
48206522,all
61729411,all
60971225,all
56071088,15세
54338939,all
55332711,15세
59757658,15세
57820922,15세
60515924,all
60655354,15세
61153998,all
62487404,15세
64972612,19세
62101495,15세
62020143,15세
61621456,15세
62137209,15세
54198590,all
49344465,15세
63820887,15세
60877477,15세
57804563,15세
55984086,all
61453044,19세
59470530,all
55693659,all
51980844,all
60722620,all
62795383,15세
62722699,15세
60957918,all
60865537,all
60321908,all
63727146,all
50581935,all
60582721,15세
51644747,15세
55452034,all
54014832,all
54678141,15세
61908268,19세
60976863,15세
62500829,all
54689908,all
61683196,15세
55909160,15세
63258667,19세
54804855,15세
62688609,15세
57625870,all
60684154,15세
61647813,all
61072069,19세
61514762,all
59974943,all
60952931,all
62410155,15세
63432660,all
48216145,all
52618479,all
54836562,all
50151286,15세
55722226,15세
63108640,19세
60636895,15세
55521493,all
60711197,15세
55186351,15세
62777329,19세
52542093,all
56921582,all
60746430,15세
55798530,15세
53178390,15세
58872310,15세
58956784,all
53457182,all
60466979,15세
62101524,15세
61692465,all
61239543,15세
58886819,15세
60957899,all
60165402,15세
56003121,15세
51131452,15세
60622337,15세
56021768,all
63074935,15세
53460405,15세
62372267,19세
47968772,all
62645412,15세
56800115,15세
60603891,all
62034882,15세
60100364,15세
54468599,15세
59255143,all
64464568,all
61352297,15세
65133108,15세
60067885,all
61345290,all
64452601,19세
60976860,all
61153981,all
48110176,15세
61781238,all
63482238,19세
63393776,19세
59203692,15세
53162627,all
61532820,15세
61755327,15세
65021445,all
59443544,all
63109283,15세
64110120,19세
57726828,all
62986352,15세
58980310,15세
60960897,all
63690189,19세
49512645,all
55798977,15세
61126309,19세
64997266,15세
58462133,15세
53764621,all
61809211,15세
57560134,15세
56246726,15세
64469105,19세
50215538,15세
62561093,15세
61241415,19세
64081558,15세
57989821,15세
54902291,all
51911516,15세
55306434,15세
63129393,19세
63115788,19세
58056037,15세
59711669,all
60200962,all
60509478,15세
59823378,all
63109351,all
52736344,15세
61980912,15세
47750892,15세
54562689,all
61547597,15세
54721751,15세
61345277,19세
65056908,all
64151529,15세
60868520,15세
62384089,all
49712756,15세
61929337,19세
57779001,all
61117873,15세
60603886,all
61239550,all
53491663,all
54343727,15세
59603081,all
60609585,all
60574722,19세
60746435,15세
46295274,all
54935586,all
61153984,15세
60600406,all
53185393,15세
54864923,15세
60960886,15세
63532314,15세
60253524,15세
63913226,all
54443058,15세
58304533,15세
56940505,all
57072868,15세
60893671,all
62980445,all
61812669,all
52986229,15세
58463908,15세
59077467,15세
59628363,all
60061198,all
54690387,15세
55853079,all
59600451,all
57800905,all
49173710,all
63090879,all
59157578,15세
57692508,all
59048187,all
61304747,15세
57846946,all
54504623,all
64042344,15세
53146570,15세
52986225,15세
63103400,19세
59604421,15세
53248339,all
63424875,19세
55011578,all
61698541,19세
51368845,all
54704969,all
63689934,19세
62376473,19세
52768607,all
48356241,15세
53437762,all
54096921,15세
61239711,all
63106465,15세
60576350,15세
53370278,15세
59560521,15세
56760920,all
60760252,all
61557419,19세
51830441,15세
64786955,19세
54691310,15세
63242857,19세
63129489,15세
64824203,15세
58351612,all
63907166,19세
51683584,15세
62012062,19세
63685912,15세
63939402,19세
59858836,15세
63410831,19세
62958181,19세
53513637,15세
47336229,15세
56479362,15세
62486637,19세
62207220,19세
56941637,all
61427305,15세
64311695,19세
61329567,15세
63121283,15세
63106471,15세
60971968,all
60753815,19세
59093699,15세
57165571,15세
61525179,15세
63835943,15세
61004479,19세
64750953,19세
62113710,15세
60957908,all
60524866,15세
58270738,15세
48176488,all
59132390,15세
63473208,19세
61565133,15세
58881980,all
55723566,all
60669481,15세
53508481,15세
51933111,all
57302842,15세
61153994,all
60900206,15세
62538530,15세
57672695,all
60713153,15세
56810522,15세
53096912,all
53398528,all
54878314,all
59919486,15세
52952958,all
62336807,all
61513532,all
50410176,all
52030547,all
60847408,all
51761530,all
59329981,all
64070014,19세
48801332,15세
58069514,15세
61034893,19세
49482010,all
55998127,all
59065221,all
62136750,all
59078106,all
62236517,15세
61053147,19세
61080439,19세
60609579,15세
54816278,15세
57864620,15세
61701352,19세
53970260,15세
53607692,all
48118257,all
59237655,15세
52062561,all
61404409,15세
52585938,all
54732573,15세
61088282,19세
63410842,15세
53526936,15세
56588085,15세
59955269,all
61663241,all
53290527,15세
50473100,all
62088330,15세
58289418,15세
57943691,all
63279209,15세
54165420,15세
52019362,all
53380296,15세
60746444,all
54100678,all
53645966,15세
62596514,15세
63282570,15세
58386879,all
60293848,all
64004497,15세
52928760,all
61060341,19세
59163049,15세
53852078,15세
63311773,15세
49427055,all
52487527,15세
57161190,all
52390515,15세
59841927,15세
60971966,all
55171938,15세
61771871,19세
56170579,15세
55751977,15세
59875003,15세
58604473,15세
61573926,15세
61781471,15세
54330128,all
56852888,15세
51693163,15세
56526211,all
50257264,all
64478480,19세
52573277,all
53723993,all
58841624,15세
55349236,15세
60971965,15세
60804989,15세
55146320,15세
60532593,all
59198702,all
61556850,19세
61345281,all
61793190,all
55685574,15세
63113905,all
54489298,15세
50719885,15세
55508225,15세
55268637,all
58988370,15세
60976861,15세
60491815,all
51082210,15세
61143821,15세
58151029,15세
59683379,all
54324517,15세
58509020,15세
60798752,all
58405670,all
56408050,15세
55108820,15세
61153989,all
60266793,15세
62583886,15세
48836068,15세
58716301,all
57706738,15세
56030878,all
52760334,15세
57247603,all
57755758,all
63006577,19세
61459994,15세
59580870,15세
60091128,all
63085282,15세
56705138,15세
55752032,15세
59260101,15세
60609586,all
52597516,15세
62169485,15세
57475051,15세
57059812,15세
60952930,all
50852727,15세
55624572,all
60952936,15세
53083564,all
58338977,all
49713233,15세
61171107,all
61345278,all
55994112,15세
62537524,all
60537119,15세
52216526,all
61476568,all
61345289,all
59608125,all
57436766,all
58789074,all
59885810,all
50541439,15세
54139132,15세
63459469,15세
61040582,all
51325319,15세
55966453,all
63551961,all
60538723,all
59617059,15세
58813388,15세
60971967,15세
57672822,all
54657945,all
61929939,all
60976862,all
60957897,all
61980927,15세
52582858,all
56243641,all
55016191,15세
53153957,all
49473493,15세
53241986,all
49202898,all
58532691,all
53556305,15세
57372162,15세
61060336,15세
61400544,15세
57951974,all
55529695,15세
56311337,all
59839006,all
53962638,15세
61122384,15세
58125794,15세
57995751,15세
60293847,all
59203735,15세
50152054,all
54186924,15세
59746792,all
60594663,15세
54309635,15세
52759034,15세
50436636,15세
61708579,all
49925056,all
55281534,15세
61261476,15세
60877478,15세
56415878,all
59320174,all
60488518,all
57994701,15세
62818459,15세
58899809,15세
60466982,19세
59530272,all
57653829,all
60663713,all
57124653,all
58036947,15세
53992609,all
55053817,all
59459395,15세
59444412,15세
60590856,15세
60374550,15세
61112910,15세
61445059,19세
60684158,15세
58894924,15세
60801595,15세
58871969,15세
60266878,15세
60890426,all
51681591,all
59424475,15세
58603371,all
46879574,all
57746434,15세
61382327,all
55463596,15세
57361751,15세
60401926,15세
60602714,15세
54748025,15세
61463318,15세
54181749,all
60960890,15세
61042466,15세
58956760,15세
59383102,15세
60931685,all
53983484,15세
65069840,19세
64921728,15세
64921589,all
64699731,all
64664518,19세
64652596,19세
64645435,19세
64612322,15세
64493032,15세
64445916,15세
64432459,all
64401449,19세
64335184,15세
64324870,19세
64269614,15세
64192987,19세
64150189,19세
64092020,15세
64042802,15세
64042801,19세
64042331,15세
64026214,19세
64016499,15세
64008980,19세
63985287,15세
63984772,all
63918581,19세
63909668,all
63909491,all
63897149,15세
63820960,15세
63820949,all
63810297,all
63803697,15세
63790898,all
63786085,all
63781868,15세
63706573,all
63669309,all
63604826,all
63556170,all
63554345,15세
63527243,19세
63485385,all
63463781,15세
63453671,15세
63452717,15세
63434320,15세
63432283,all
63428857,all
63390583,all
63319096,15세
63312520,all
63292902,15세
63272086,19세
63245150,15세
63215464,15세
63193754,all
63188370,all
63127037,15세
63094986,15세
62991158,19세
62989464,15세
62984607,all
62975513,19세
62955047,15세
62949268,all
62888918,15세
62866623,15세
62863733,15세
62845710,all
62842116,all
62811384,all
62716684,all
62669933,15세
62645595,all
62611342,15세
62606078,all
62557434,15세
62554914,19세
62548040,all
62538562,15세
62538533,15세
62463800,15세
62442889,19세
62435926,all
62431131,all
62407785,all
62349914,19세
62347630,15세
62346560,15세
62338412,all
62284383,all
62275834,15세
62225007,all
62224406,19세
62191904,all
62181820,19세
62166011,all
62158834,15세
62140143,15세
62139944,all
62118905,all
62115090,19세
62115089,19세
62115088,15세
62110905,15세
62108526,19세
62103389,15세
62101500,15세
62094677,15세
62090586,all
62082555,all
62080380,15세
62074766,all
62058690,all
62051458,all
62040318,15세
62020633,15세
62011600,15세
62005445,all
62001152,19세
61999619,15세
61985749,all
61980963,15세
61967821,15세
61956739,all
61954775,all
61921129,19세
61918468,15세
61909516,19세
61908803,all
61890441,15세
61888541,15세
61877679,all
61865518,all
61860476,all
61822595,15세
61755256,15세
61753827,all
61737471,all
61733213,15세
61723381,15세
61702881,all
61697872,15세
61685755,15세
61684817,all
61671954,15세
61667093,all
61666825,15세
61665240,all
61627862,15세
61623158,all
61615337,15세
61594483,15세
61593932,15세
61581737,all
61565480,15세
61565285,15세
61564478,all
61561325,all
61555771,all
61542662,all
61508247,15세
61503258,all
61495469,all
61495307,15세
61493751,15세
61487558,all
61484113,15세
61472986,15세
61460673,19세
61459544,all
61453047,19세
61445062,all
61440484,all
61440167,all
61433485,15세
61428376,15세
61390665,19세
61379017,15세
61376257,all
61358311,15세
61352312,15세
61345296,all
61345291,all
61345284,all
61345283,all
61345282,all
61345280,all
61345279,15세
61345274,15세
61345273,all
61345272,15세
61329574,15세
61322472,19세
61320749,15세
61319322,15세
61319215,15세
61316880,all
61308286,19세
61300597,15세
61300596,15세
61300594,15세
61300592,15세
61297597,all
61293373,all
61286617,all
61279590,all
61265409,all
61255938,15세
61239709,all
61239679,15세
61239632,all
61239591,19세
61239544,15세
61239542,all
61239541,all
61236655,all
61234590,all
61226970,15세
61214349,15세
61211809,19세
61209271,all
61192172,15세
61190670,all
61190666,all
61189370,all
61188260,15세
61184790,19세
61182813,15세
61182491,15세
61162867,15세
61154005,all
61154002,19세
61154001,all
61154000,all
61153997,all
61153996,all
61153986,15세
61153983,15세
61153982,15세
61153777,all
61148533,all
61143224,15세
61142113,15세
61129822,15세
61117937,15세
61115435,15세
61102538,15세
61050446,all
61042488,15세
61040613,all
61040610,19세
61040606,all
61040602,all
61040577,19세
61034889,15세
61015647,all
61012423,15세
61008984,all
61006828,all
61004015,all
60998504,all
60995566,19세
60978847,all
60976864,15세
60971962,all
60971961,all
60971959,all
60971958,all
60958956,all
60958391,15세
60957911,all
60957905,all
60957898,all
60957896,all
60957895,all
60954448,all
60952937,all
60952935,all
60952924,19세
60947872,all
60931684,15세
60917838,15세
60912279,all
60911026,all
60908046,all
60900244,15세
60877482,19세
60877479,19세
60875655,all
60868072,all
60854440,all
60848107,all
60848106,15세
60847635,all
60847413,19세
60847412,15세
60847407,all
60835365,all
60831577,15세
60824544,all
60824041,all
60814222,15세
60804812,15세
60798762,all
60798753,15세
60798751,15세
60798748,all
60792434,all
60788884,all
60781770,all
60775170,all
60762554,15세
60762541,19세
60762344,19세
60759141,15세
60746695,15세
60746439,all
60746434,15세
60746429,all
60736808,all
60720248,15세
60716856,15세
60696125,15세
60684153,all
60684152,all
60682798,15세
60675628,all
60675587,all
60646409,all
60645585,all
60637322,all
60632061,all
60626608,15세
60623713,15세
60613415,all
60609766,15세
60609588,all
60609587,all
60609583,all
60603885,15세
60601153,all
60599360,all
60582714,15세
60571066,15세
60537116,15세
60534969,all
60527770,15세
60513016,15세
60512015,15세
60511358,15세
60509913,all
60503568,15세
60492095,all
60485672,all
60476901,all
60466981,15세
60455679,19세
60441742,15세
60437551,all
60428428,15세
60417606,all
60403620,19세
60401929,all
60383351,all
60371015,15세
60345457,all
60333922,15세
60331807,all
60310391,15세
60304859,all
60301278,all
60290256,15세
60265288,all
60264203,all
60248142,all
60244532,15세
60241863,all
60239102,15세
60238890,all
60230300,15세
60228860,15세
60221045,all
60215530,all
60214748,all
60201135,all
60196862,all
60194204,all
60177093,all
60139016,all
60108596,all
60090702,15세
60090695,15세
60082702,all
60081337,all
60042977,15세
60040031,15세
60016609,all
60007043,all
59986179,15세
59905236,all
59898357,all
59888460,15세
59876043,all
59875437,15세
59869082,15세
59841984,all
59833617,all
59818718,15세
59815455,all
59807558,15세
59800172,15세
59777359,15세
59774764,all
59763158,all
59737966,all
59737035,15세
59734704,all
59730713,all
59718223,15세
59715776,15세
59714342,all
59706794,all
59697954,all
59683400,all
59677064,all
59621472,15세
59605961,all
59603464,15세
59595367,all
59594840,all
59582130,15세
59572719,all
59546958,all
59545051,all
59529992,all
59512582,15세
59500394,all
59499367,15세
59499163,15세
59493175,15세
59490184,all
59490090,all
59481128,all
59475640,19세
59470101,15세
59465499,15세
59465425,all
59465316,15세
59460508,all
59457640,all
59455547,15세
59440221,all
59427181,all
59424116,15세
59329976,all
59329478,all
59324072,15세
59307452,15세
59302546,15세
59301306,15세
59300924,all
59278088,all
59263638,all
59230800,15세
59227400,15세
59225322,15세
59214547,all
59211832,all
59186481,all
59179145,all
59162788,15세
59153041,15세
59153032,all
59153029,all
59148885,all
59133025,15세
59120706,all
59111743,all
59078053,15세
59067768,all
59053918,all
59044948,15세
59043251,15세
59029868,all
59027905,all
59009576,all
58982105,all
58982011,all
58980990,15세
58974724,15세
58968734,all
58944301,15세
58933459,all
58922775,all
58905579,all
58899121,15세
58876824,all
58851301,all
58848109,all
58823789,15세
58820621,all
58789850,15세
58788052,15세
58769970,15세
58766794,all
58761025,all
58752609,15세
58752361,15세
58725478,15세
58725325,all
58712950,all
58710337,15세
58703814,all
58701452,all
58700183,15세
58687928,15세
58685023,all
58661162,15세
58653097,all
58643240,all
58638724,all
58630621,all
58617924,all
58604318,15세
58598151,all
58593966,15세
58589333,all
58579038,15세
58530588,15세
58524622,all
58523908,15세
58517187,15세
58498099,all
58474719,all
58465265,all
58460359,all
58456635,all
58455204,15세
58445178,15세
58434016,all
58427682,all
58419968,all
58395215,15세
58382298,all
58372577,all
58360926,15세
58360098,15세
58358825,all
58357162,all
58318624,all
58313675,all
58287815,all
58286091,all
58265741,15세
58258762,all
58258380,15세
58253255,all
58245449,all
58236253,all
58236252,all
58236251,all
58234557,all
58205556,all
58202855,all
58198243,all
58177418,all
58149550,15세
58093278,all
58083081,15세
58078876,all
58076879,all
58074198,all
58065241,all
58041963,all
57981724,15세
57955421,15세
57944254,15세
57943013,15세
57903146,all
57893027,all
57824440,all
57814061,all
57806748,15세
57806419,all
57781559,all
57777571,15세
57736511,all
57735628,15세
57718216,all
57717941,all
57693827,all
57691159,all
57687157,all
57673950,all
57669745,all
57611706,all
57611444,15세
57563469,all
57551284,all
57527630,15세
57520013,all
57505156,all
57501340,15세
57410595,all
57375032,all
57363786,all
57358882,all
57350565,15세
57342352,all
57321595,all
57312302,all
57277279,all
57268828,all
57260788,all
57253800,all
57236684,all
57231274,all
57217068,all
57179774,all
57179420,all
57165584,15세
57153945,all
57145871,all
57142071,all
57140650,all
57129168,15세
57112039,15세
57110039,all
57073756,15세
57057717,all
57032651,all
57032648,all
57015440,15세
56993384,15세
56987114,all
56983845,15세
56953303,all
56940906,all
56938359,all
56930164,all
56868082,all
56798032,all
56767179,all
56765188,15세
56757114,all
56756586,all
56735653,all
56731156,all
56726635,15세
56717139,15세
56712047,15세
56704884,all
56693029,15세
56673416,all
56669883,15세
56667301,all
56665465,15세
56659811,15세
56658466,15세
56650805,15세
56649435,all
56637407,15세
56621460,all
56619134,all
56594251,all
56589973,all
56575765,15세
56563263,15세
56525377,all
56503801,all
56501182,all
56466828,all
56453386,all
56451540,all
56443199,15세
56391905,15세
56383252,all
56369483,15세
56368179,all
56367104,15세
56326262,all
56319635,15세
56296842,all
56291021,all
56231270,15세
56215360,all
56214636,15세
56213673,15세
56204086,15세
56203743,all
56194059,all
56193888,all
56181174,15세
56180318,15세
56163148,15세
56151780,all
56133215,15세
56113952,all
56108116,15세
56095545,all
56089410,15세
56084015,15세
56040225,15세
56037034,15세
56034827,15세
56032261,15세
56023999,15세
56017555,all
56015130,all
56009119,all
56005508,all
55969464,all
55940758,15세
55932737,all
55901018,15세
55897596,15세
55890877,all
55861120,all
55854431,all
55846491,all
55842267,15세
55831238,all
55815046,all
55728770,15세
55719981,all
55705058,all
55704804,all
55703704,15세
55691245,15세
55662535,all
55641515,15세
55638260,15세
55638257,15세
55631533,15세
55626404,15세
55620551,15세
55606206,15세
55602678,all
55554125,15세
55547994,all
55539262,all
55523047,15세
55512650,15세
55501242,all
55500690,all
55493349,all
55453259,all
55415956,15세
55405142,15세
55402727,all
55394578,all
55387088,all
55347911,15세
55344443,15세
55334823,all
55326413,15세
55323218,all
55311392,15세
55309801,all
55307407,all
55301907,15세
55272678,15세
55260237,15세
55253524,all
55247188,15세
55245366,all
55239856,all
55229686,all
55215137,all
55200607,15세
55195198,15세
55168259,15세
55136850,all
55107439,15세
55085796,all
55069186,all
55046126,15세
55042409,15세
55036348,15세
55026546,all
55024818,all
55023695,15세
55019214,all
54992744,15세
54957724,15세
54947696,all
54943612,all
54931280,15세
54923914,all
54923739,all
54892620,15세
54889995,all
54875199,15세
54859967,15세
54849382,15세
54831473,all
54827126,all
54768732,15세
54765284,15세
54748023,all
54718395,all
54718288,all
54717652,15세
54710157,15세
54699584,all
54682456,all
54680925,all
54646364,all
54609389,15세
54607448,all
54550106,all
54540469,15세
54517661,all
54483670,15세
54478953,15세
54473572,15세
54463694,all
54444883,all
54399711,all
54397131,15세
54393978,all
54375031,all
54286072,all
54281874,all
54248356,all
54213820,all
54202151,15세
54201748,15세
54201389,all
54165404,15세
54149703,all
54147666,15세
54129892,15세
54128588,all
54128426,all
54124548,15세
54115360,all
54111438,all
54104126,all
54103714,all
54100540,all
54094627,all
54081816,15세
54065772,15세
54046985,all
54043644,all
54038956,all
54033775,all
54029469,all
54022292,15세
54018797,all
54002875,15세
54000332,all
53994143,15세
53956246,15세
53953563,15세
53930054,15세
53930051,all
53930030,all
53910066,all
53903018,all
53868644,all
53868471,all
53823312,all
53815886,all
53809611,all
53809555,15세
53805174,15세
53790433,all
53784858,all
53770819,all
53764524,all
53735450,all
53735373,15세
53696454,all
53691240,15세
53656490,all
53652103,15세
53638281,15세
53607659,15세
53600221,all
53589714,all
53580757,all
53570648,all
53545137,15세
53534650,all
53528260,all
53524088,15세
53516882,15세
53510570,15세
53504914,all
53501223,all
53498711,15세
53491650,all
53460419,15세
53450548,15세
53419580,15세
53411449,all
53371781,all
53361105,all
53354073,15세
53353413,all
53352504,all
53349746,all
53331198,all
53318827,all
53318351,15세
53312695,all
53299063,15세
53259860,all
53228903,15세
53211906,15세
53193139,all
53188880,15세
53146816,all
53124501,all
53086874,15세
53016525,all
52972061,15세
52960341,all
52945034,all
52920131,all
52902255,all
52854521,all
52824413,15세
52819244,all
52800707,all
52787681,15세
52753681,all
52717887,15세
52711449,all
52700402,15세
52700399,15세
52681050,all
52665431,all
52641052,15세
52629283,all
52587037,15세
52572591,all
52567095,all
52552551,15세
52518151,15세
52509607,all
52509605,all
52500124,all
52487593,all
52474899,all
52474282,15세
52462812,all
52442935,15세
52432644,all
52403315,all
52399160,15세
52395615,all
52375226,all
52374845,all
52358142,15세
52343738,all
52342059,15세
52311048,all
52298887,all
52289669,15세
52271074,all
52164337,15세
52156017,15세
52145920,all
52111248,15세
52111205,15세
52030237,all
52020256,all
51994067,all
51982584,all
51916041,all
51909718,all
51882899,all
51880632,all
51880599,all
51841235,15세
51825037,15세
51809617,all
51807554,all
51793874,15세
51767533,15세
51761556,all
51761551,all
51761546,15세
51761540,all
51761535,all
51735877,all
51722274,all
51705774,15세
51624811,all
51567925,15세
51551881,all
51533543,all
51508536,15세
51471015,15세
51429477,all
51408697,15세
51407005,15세
51339274,all
51173813,15세
51173056,all
51145901,all
51124677,all
51099217,all
51015200,all
50995842,all
50969665,all
50933882,all
50933813,all
50921217,all
50920782,all
50914200,all
50886943,all
50885440,all
50846458,all
50823114,15세
50820682,15세
50805942,all
50788043,15세
50631088,all
50599523,all
50584275,all
50556962,15세
50538062,all
50516383,15세
50514972,all
50499350,all
50463445,15세
50428027,all
50399902,all
50392468,all
50361289,15세
50357977,15세
50331579,all
50319878,all
50316833,all
50312327,all
50298112,15세
50278657,15세
50266969,all
50264666,all
50211187,all
50147938,15세
49883965,all
49860975,all
49860971,all
49818586,15세
49777210,all
49695972,all
49642475,all
49639075,all
49605689,all
49605687,all
49450403,all
49449486,all
49431504,15세
49351116,15세
49237911,15세
49224020,15세
49214003,all
49158615,all
49052369,all
48960106,all
48855806,all
48805905,all
48729364,15세
48439673,15세
48423826,all
48294411,15세
48225112,all
48106220,all
48037143,all
48015722,all
48013608,all
47989711,all
47976344,all
47843489,all
47811810,all
47784358,15세
47754873,15세
47740473,all
47586213,all
47550827,all
47430896,all
47347970,all
46968337,all
46865188,all
46793877,all
46781280,all
46750933,all
46719906,15세
46672285,all
46667115,all
46610003,all
46519720,all
46304280,all
45936116,all
